icb_code,testing_period,cv_number,ibes,lgbm_ex_fwd,lgbm_in_fwd,len,industry_group_name
651010,2018-09-30 00:00:00,all,0.0074008516197937935,0.020573967784206837,0.020343351702446836,180.0,Electricity
502050,2018-09-30 00:00:00,all,0.0058095186461815385,0.01519964074123126,0.015632734340882342,210.0,Ind. Services
302020,2018-09-30 00:00:00,all,0.012128647316390065,0.014348414736432683,0.014205303612832267,230.0,Finance Services
201030,2018-09-30 00:00:00,all,0.003938566842430027,0.012830024309647844,0.013392824035505034,330.0,Pharma-Biotech
552010,2018-09-30 00:00:00,all,0.009578736564271226,0.018106312079464348,0.019385162147836,300.0,Chem
351020,2018-09-30 00:00:00,all,0.007225156253408242,0.01252914021781027,0.013067928700033886,200.0,REIT
502060,2018-09-30 00:00:00,all,0.0046316694219788535,0.014845572376118889,0.017592815048968157,300.0,Ind. Transport
502030,2018-09-30 00:00:00,all,0.002958317258817378,0.015305236073322948,0.016580133748175224,170.0,Industrials
301010,2018-09-30 00:00:00,all,0.00782288558510839,0.007362918272238814,0.007663477341048756,620.0,Banks
601010,2018-09-30 00:00:00,all,0.005016681580694304,0.015501588778958596,0.02220872508366121,230.0,Energy
101010,2018-09-30 00:00:00,all,0.003386387569502326,0.010157457287235246,0.010428835371492346,220.0,Software and Comp Serv
501010,2018-09-30 00:00:00,all,0.011019336750869465,0.014087759788774188,0.015456901262498915,270.0,Construction
201020,2018-09-30 00:00:00,all,0.002132131490823476,0.007677542342782703,0.00839024998108424,160.0,Medical
101020,2018-09-30 00:00:00,all,0.01460361438164201,0.017145850908848195,0.018345273911224473,370.0,Tech Equip.
651010,2013-12-31 00:00:00,all,0.007330690683703488,0.017978798597153893,0.01764023212354286,220.0,Electricity
502050,2013-12-31 00:00:00,all,0.005070764088716482,0.012371579746262415,0.011073366350400848,260.0,Ind. Services
302020,2013-12-31 00:00:00,all,0.008711627440529534,0.011165863504052484,0.013252983586055683,320.0,Finance Services
201030,2013-12-31 00:00:00,all,0.004700517891280426,0.011230026641725732,0.011051520759831207,390.0,Pharma-Biotech
552010,2013-12-31 00:00:00,all,0.01420625057882785,0.020705188536844502,0.020906911182776412,300.0,Chem
351020,2013-12-31 00:00:00,all,0.012133351147152492,0.012214151968211278,0.013337995812998894,270.0,REIT
502060,2013-12-31 00:00:00,all,0.004619819605331233,0.011479478062193755,0.011674718386696509,300.0,Ind. Transport
502030,2013-12-31 00:00:00,all,0.005842834720697562,0.015020693772470811,0.014673707567243068,190.0,Industrials
301010,2013-12-31 00:00:00,all,0.009521349121172114,0.009521467869042021,0.010460505867726068,550.0,Banks
601010,2013-12-31 00:00:00,all,0.010250924545996024,0.02347612979019486,0.02334967988493274,260.0,Energy
101010,2013-12-31 00:00:00,all,0.0044664301201051745,0.00990447688413096,0.009867452052973392,250.0,Software and Comp Serv
501010,2013-12-31 00:00:00,all,0.014068115655823365,0.01720099363953273,0.017601684992824565,300.0,Construction
201020,2013-12-31 00:00:00,all,0.0030215975497354694,0.009390171429894349,0.009576336159139524,220.0,Medical
401010,2013-12-31 00:00:00,all,0.011286865470364935,0.021049051052320977,0.0220836005250088,250.0,Auto
101020,2013-12-31 00:00:00,all,0.008978169374413376,0.014414407818526277,0.015434069035859236,410.0,Tech Equip.
999999,2013-12-31 00:00:00,all,0.008182734886685727,0.014186460923870653,0.014297088966974887,2640.0,
651010,2016-06-30 00:00:00,all,0.00558741293332467,0.015485840568236538,0.0160432193621145,230.0,Electricity
502050,2016-06-30 00:00:00,all,0.0036701747256089956,0.010552583886439839,0.010830954514170906,260.0,Ind. Services
302020,2016-06-30 00:00:00,all,0.011814889918991918,0.013561191256422083,0.01452794508646835,320.0,Finance Services
201030,2016-06-30 00:00:00,all,0.005461690161700066,0.008225695002877672,0.008330602940484677,390.0,Pharma-Biotech
552010,2016-06-30 00:00:00,all,0.016343365832750985,0.02980315313626124,0.029872143193722434,320.0,Chem
351020,2016-06-30 00:00:00,all,0.009286976154810809,0.011350670426607748,0.012098032394042583,270.0,REIT
502060,2016-06-30 00:00:00,all,0.007686688527528083,0.01024665132199863,0.010631181800194598,290.0,Ind. Transport
502030,2016-06-30 00:00:00,all,0.009401921870485,0.013330152695031483,0.014592362843660634,160.0,Industrials
301010,2016-06-30 00:00:00,all,0.0030888888036061488,0.00999784198333321,0.01050667067565176,620.0,Banks
601010,2016-06-30 00:00:00,all,0.023140927497563177,0.024500429031500487,0.02165594034234261,200.0,Energy
101010,2016-06-30 00:00:00,all,0.004941168567416456,0.010783116595458468,0.01028734764201335,240.0,Software and Comp Serv
501010,2016-06-30 00:00:00,all,0.012511250730847535,0.01672605166135661,0.017366533878097078,310.0,Construction
401010,2016-06-30 00:00:00,all,0.014990420065423529,0.024510660156420224,0.025068347624747186,230.0,Auto
101020,2016-06-30 00:00:00,all,0.012063374410179416,0.016208525717676982,0.016328831770799756,370.0,Tech Equip.
999999,2016-06-30 00:00:00,all,0.007094328386731019,0.014512911045413933,0.015141272898429993,2830.0,
651010,2014-09-30 00:00:00,all,0.003964078703274149,0.009885156818203716,0.009902078903819216,210.0,Electricity
502050,2014-09-30 00:00:00,all,0.008084703678242372,0.008958636756437897,0.00949596982661753,250.0,Ind. Services
302020,2014-09-30 00:00:00,all,0.01569920235993417,0.016307331718225668,0.01890295986547573,350.0,Finance Services
201030,2014-09-30 00:00:00,all,0.00515824696493402,0.012530116291799377,0.013032950926957942,380.0,Pharma-Biotech
552010,2014-09-30 00:00:00,all,0.013412605548055272,0.022725238768761723,0.02248899307670445,280.0,Chem
351020,2014-09-30 00:00:00,all,0.01274661637230242,0.01579878646072856,0.01603695442056907,260.0,REIT
502060,2014-09-30 00:00:00,all,0.004811056571412344,0.00857896406133573,0.008687764673166528,300.0,Ind. Transport
502030,2014-09-30 00:00:00,all,0.006762662062087148,0.02517812302688166,0.02662681803080572,170.0,Industrials
301010,2014-09-30 00:00:00,all,0.009818603617082084,0.012835773954924754,0.012759342498279131,560.0,Banks
601010,2014-09-30 00:00:00,all,0.029282905965483597,0.05024728602622077,0.052081538871899216,160.0,Energy
101010,2014-09-30 00:00:00,all,0.004089536966086183,0.011753775869610522,0.012302950678228184,270.0,Software and Comp Serv
501010,2014-09-30 00:00:00,all,0.013602155235816309,0.019001958806621363,0.019225085864817516,290.0,Construction
401010,2014-09-30 00:00:00,all,0.006409235498136051,0.02191832015034502,0.021288239364095195,250.0,Auto
101020,2014-09-30 00:00:00,all,0.009502062320469337,0.014474537307332898,0.016176241126541178,370.0,Tech Equip.
999999,2014-09-30 00:00:00,all,0.008445232604614878,0.012562357252501937,0.012883126799682934,2720.0,
651010,2018-06-30 00:00:00,all,0.00558834657039634,0.020110166202413883,0.01957185029157135,240.0,Electricity
502050,2018-06-30 00:00:00,all,0.005944238373684867,0.013849530446773447,0.014176007925069943,270.0,Ind. Services
302020,2018-06-30 00:00:00,all,0.009377712949693279,0.017563886828762473,0.01878683282558171,280.0,Finance Services
201030,2018-06-30 00:00:00,all,0.0028699587466123047,0.0139154734272995,0.013707098511813747,340.0,Pharma-Biotech
552010,2018-06-30 00:00:00,all,0.011710299275016878,0.019928366071453565,0.02005186193529737,340.0,Chem
351020,2018-06-30 00:00:00,all,0.006736209908247403,0.013210825858151854,0.012682142278322341,290.0,REIT
502060,2018-06-30 00:00:00,all,0.005495505604018798,0.016797409652156772,0.017014880164665503,290.0,Ind. Transport
502030,2018-06-30 00:00:00,all,0.004158349748340053,0.019040761644376465,0.019753218299433786,190.0,Industrials
301010,2018-06-30 00:00:00,all,0.0071610089269969835,0.00791492082957907,0.007817297175288873,680.0,Banks
601010,2018-06-30 00:00:00,all,0.007171437903070986,0.017755313112169595,0.018916578130230562,280.0,Energy
101010,2018-06-30 00:00:00,all,0.0039299155068586505,0.01282367639392086,0.012610422862291795,260.0,Software and Comp Serv
501010,2018-06-30 00:00:00,all,0.011107775301005296,0.015677931211467894,0.016470538840858313,300.0,Construction
201020,2018-06-30 00:00:00,all,0.002132463364638309,0.007514267096709937,0.008231969689857975,200.0,Medical
401010,2018-06-30 00:00:00,all,0.014950375428612273,0.020165700733211438,0.025637267449728697,240.0,Auto
101020,2018-06-30 00:00:00,all,0.010164071927425036,0.01646449360877181,0.01664495313331983,410.0,Tech Equip.
999999,2018-06-30 00:00:00,all,0.007621994965414359,0.014619488516281618,0.015707266658639054,2800.0,
651010,2017-09-30 00:00:00,all,0.006068869397562373,0.014154481330992234,0.014548233815211344,220.0,Electricity
502050,2017-09-30 00:00:00,all,0.005135122502725405,0.0120791984334495,0.013614386523091925,260.0,Ind. Services
302020,2017-09-30 00:00:00,all,0.003768580174287239,0.011154445242392189,0.011942265339230537,320.0,Finance Services
201030,2017-09-30 00:00:00,all,0.00456977370857674,0.012612475610278819,0.013126145455012252,390.0,Pharma-Biotech
552010,2017-09-30 00:00:00,all,0.008746115044208068,0.0227339313180022,0.0241178195431403,330.0,Chem
351020,2017-09-30 00:00:00,all,0.008998732775590662,0.011318356628213361,0.0118931135449794,280.0,REIT
502060,2017-09-30 00:00:00,all,0.00341951868133017,0.0182737609249318,0.01772916126964115,280.0,Ind. Transport
502030,2017-09-30 00:00:00,all,0.009657584960029187,0.014733645946549316,0.016289835439285093,200.0,Industrials
301010,2017-09-30 00:00:00,all,0.004875838402659835,0.007696250112123906,0.008459627852057575,660.0,Banks
601010,2017-09-30 00:00:00,all,0.012820838643926342,0.025733293639263202,0.025249082227009605,330.0,Energy
101010,2017-09-30 00:00:00,all,0.004351044230857065,0.010699085852296846,0.011998816051571905,270.0,Software and Comp Serv
501010,2017-09-30 00:00:00,all,0.0076929612017607495,0.01572578397293181,0.014834980612397075,310.0,Construction
201020,2017-09-30 00:00:00,all,0.0018478294273381072,0.010790887374469437,0.0108835458179515,220.0,Medical
401010,2017-09-30 00:00:00,all,0.01401422354905408,0.019033611758096064,0.021199564628891162,260.0,Auto
101020,2017-09-30 00:00:00,all,0.005361295048781279,0.016499117122571523,0.017580462798651348,410.0,Tech Equip.
999999,2017-09-30 00:00:00,all,0.006224163454855391,0.01715023371786982,0.017816844958694688,2900.0,
651010,2015-09-30 00:00:00,all,0.005758919047895222,0.014035113835897726,0.01325486195757453,220.0,Electricity
502050,2015-09-30 00:00:00,all,0.007136679692201197,0.010856922346991415,0.010270867652427048,270.0,Ind. Services
302020,2015-09-30 00:00:00,all,0.013435110876425056,0.016693104573684857,0.018544312675493353,360.0,Finance Services
201030,2015-09-30 00:00:00,all,0.007227458415751144,0.008374961138172163,0.008669200038264846,390.0,Pharma-Biotech
552010,2015-09-30 00:00:00,all,0.013081061887847916,0.019579398870746976,0.019410829962244348,290.0,Chem
351020,2015-09-30 00:00:00,all,0.008066181589063446,0.011169404467716873,0.011496568846615696,260.0,REIT
502060,2015-09-30 00:00:00,all,0.009878378319488417,0.009946426378368747,0.009662248219518369,300.0,Ind. Transport
502030,2015-09-30 00:00:00,all,0.00852491285504178,0.01806189680530545,0.016669610031047662,160.0,Industrials
301010,2015-09-30 00:00:00,all,0.008738041772554434,0.009646204748090158,0.010260237361604682,610.0,Banks
601010,2015-09-30 00:00:00,all,0.021604125059267478,0.020094502879288025,0.020575355523070094,150.0,Energy
101010,2015-09-30 00:00:00,all,0.007407047771240434,0.008656437390549502,0.009283558426279875,240.0,Software and Comp Serv
501010,2015-09-30 00:00:00,all,0.01549128978468911,0.02054511936733602,0.020619626557938163,270.0,Construction
401010,2015-09-30 00:00:00,all,0.01907158255091388,0.023426644825679348,0.024024114273710803,230.0,Auto
101020,2015-09-30 00:00:00,all,0.013274578498546219,0.01822504809655721,0.01893175955177235,400.0,Tech Equip.
999999,2015-09-30 00:00:00,all,0.009553322263509058,0.013327738564624861,0.013851550552479509,2810.0,
651010,2014-12-31 00:00:00,all,0.002589834690417145,0.010122772033719878,0.010612418758477156,200.0,Electricity
502050,2014-12-31 00:00:00,all,0.005205465349252179,0.006837227825123717,0.0075069862498174265,240.0,Ind. Services
302020,2014-12-31 00:00:00,all,0.010690459528375728,0.011513216085054902,0.01194711890176386,340.0,Finance Services
201030,2014-12-31 00:00:00,all,0.00515666931572668,0.010538491038382782,0.010893467222645167,390.0,Pharma-Biotech
552010,2014-12-31 00:00:00,all,0.011706996005329987,0.022079538958501645,0.022320697640258548,290.0,Chem
351020,2014-12-31 00:00:00,all,0.014211423203811071,0.012325582008521938,0.013164736757889399,250.0,REIT
502030,2014-12-31 00:00:00,all,0.006603201381529352,0.01040268416406245,0.011515148167531065,170.0,Industrials
301010,2014-12-31 00:00:00,all,0.00777136853982869,0.009053783244188346,0.009166693935914114,620.0,Banks
601010,2014-12-31 00:00:00,all,0.021044445982080252,0.03647268121061321,0.03636272152121985,200.0,Energy
101010,2014-12-31 00:00:00,all,0.005720919606472022,0.010176926997256546,0.010872046456426853,260.0,Software and Comp Serv
501010,2014-12-31 00:00:00,all,0.010605598418402504,0.013976808091869481,0.014350374751541922,290.0,Construction
201020,2014-12-31 00:00:00,all,0.004216460754076601,0.007432501133704722,0.007626833528119598,230.0,Medical
401010,2014-12-31 00:00:00,all,0.006608690687677414,0.01926486808121491,0.021158541563735422,240.0,Auto
101020,2014-12-31 00:00:00,all,0.00866401758215465,0.0138578332822091,0.014385335000233404,410.0,Tech Equip.
999999,2014-12-31 00:00:00,all,0.007868080970496048,0.012799171868984782,0.013037818416316311,2770.0,
651010,2017-12-31 00:00:00,all,0.006377925811857569,0.011254202238029419,0.011820612435808953,240.0,Electricity
502050,2017-12-31 00:00:00,all,0.0042861278578008415,0.015964660496942316,0.01572145803933369,270.0,Ind. Services
302020,2017-12-31 00:00:00,all,0.005886171712355661,0.018007560633929914,0.018085478710383428,320.0,Finance Services
201030,2017-12-31 00:00:00,all,0.004282261561311835,0.014216901592124432,0.014079171453618977,380.0,Pharma-Biotech
552010,2017-12-31 00:00:00,all,0.00671958544433634,0.019102777228734342,0.02004052127462613,330.0,Chem
351020,2017-12-31 00:00:00,all,0.0042288959423992375,0.01119268026075165,0.011530512600282296,300.0,REIT
502060,2017-12-31 00:00:00,all,0.005338703073346456,0.016924763494009655,0.018232588757141052,280.0,Ind. Transport
502030,2017-12-31 00:00:00,all,0.0033826761873419807,0.019907009781970145,0.01918296223717072,190.0,Industrials
301010,2017-12-31 00:00:00,all,0.006090751179762939,0.00729737115786187,0.007780154983191094,650.0,Banks
601010,2017-12-31 00:00:00,all,0.007229540623916091,0.017833872321289645,0.016100398894525865,290.0,Energy
101010,2017-12-31 00:00:00,all,0.0038004933957054387,0.010515791194886562,0.010131719963995279,270.0,Software and Comp Serv
501010,2017-12-31 00:00:00,all,0.007112789182199127,0.014674999651070964,0.014637716447240556,310.0,Construction
201020,2017-12-31 00:00:00,all,0.0018244310988285203,0.011530058865267598,0.012584989108722706,220.0,Medical
401010,2017-12-31 00:00:00,all,0.00943480286386947,0.021889027044671838,0.022458184516845354,260.0,Auto
101020,2017-12-31 00:00:00,all,0.006155704361433233,0.018334935043920298,0.018434526492466567,440.0,Tech Equip.
999999,2017-12-31 00:00:00,all,0.005495495884733995,0.01594879254462436,0.01585469677116102,2930.0,
651010,2017-03-31 00:00:00,all,0.00699903991213275,0.01789348412528546,0.018622149530526325,230.0,Electricity
502050,2017-03-31 00:00:00,all,0.005868559675113999,0.014404760597836956,0.013832528373419598,270.0,Ind. Services
302020,2017-03-31 00:00:00,all,0.006767640624447079,0.013114507049134779,0.01348322323901293,310.0,Finance Services
201030,2017-03-31 00:00:00,all,0.0035304239726185573,0.011195869786721949,0.011467672094021553,390.0,Pharma-Biotech
552010,2017-03-31 00:00:00,all,0.01396294442078867,0.024144348157806653,0.024966325389685226,320.0,Chem
351020,2017-03-31 00:00:00,all,0.008610725141143858,0.01071368839251706,0.011039381294614469,280.0,REIT
502060,2017-03-31 00:00:00,all,0.005943213548080181,0.0151153615585821,0.015437149105478054,290.0,Ind. Transport
502030,2017-03-31 00:00:00,all,0.009945375299400526,0.014735011173060595,0.015458357115112401,210.0,Industrials
301010,2017-03-31 00:00:00,all,0.004501073338904863,0.008094322897802847,0.008217192504670217,650.0,Banks
601010,2017-03-31 00:00:00,all,0.010570797167724877,0.028180849247769823,0.026416297105222024,270.0,Energy
101010,2017-03-31 00:00:00,all,0.006754436901611407,0.011765238031774712,0.011871137698865409,240.0,Software and Comp Serv
501010,2017-03-31 00:00:00,all,0.011565738198820098,0.013267961421499101,0.012934759949029071,310.0,Construction
201020,2017-03-31 00:00:00,all,0.0018037011103347203,0.01213113603947126,0.012293210449503916,220.0,Medical
401010,2017-03-31 00:00:00,all,0.010958649830277445,0.026751249700032967,0.027216529372475897,260.0,Auto
101020,2017-03-31 00:00:00,all,0.008830416753735327,0.015238874396833264,0.014953592360363114,400.0,Tech Equip.
999999,2017-03-31 00:00:00,all,0.007418713461906473,0.01612092602001696,0.016566557169790583,2920.0,
651010,2016-09-30 00:00:00,all,0.007654689058863568,0.013385797107352075,0.013734538676770098,230.0,Electricity
502050,2016-09-30 00:00:00,all,0.004719506966529846,0.010503231535875795,0.009871149669986447,250.0,Ind. Services
302020,2016-09-30 00:00:00,all,0.009700637294399033,0.011275153065307731,0.012078400137979369,360.0,Finance Services
201030,2016-09-30 00:00:00,all,0.003715813337238989,0.008001301541123962,0.007954174948010902,390.0,Pharma-Biotech
552010,2016-09-30 00:00:00,all,0.01533085812336529,0.025143886153396924,0.027004753373450117,310.0,Chem
351020,2016-09-30 00:00:00,all,0.004921062553648113,0.00915747200940478,0.00998206857324324,280.0,REIT
502060,2016-09-30 00:00:00,all,0.0067802281837277475,0.010050765351008573,0.010782814440328251,290.0,Ind. Transport
502030,2016-09-30 00:00:00,all,0.00698216807105221,0.01909104844251323,0.01807544253632193,170.0,Industrials
301010,2016-09-30 00:00:00,all,0.004573246967002567,0.008837825807746965,0.009222430808344999,640.0,Banks
601010,2016-09-30 00:00:00,all,0.013722410732245158,0.018945098562366564,0.01932224497759149,190.0,Energy
101010,2016-09-30 00:00:00,all,0.004453171543525913,0.01117067612613908,0.011337739506172437,250.0,Software and Comp Serv
501010,2016-09-30 00:00:00,all,0.008922933729638708,0.016700849865697493,0.015938807449943866,290.0,Construction
201020,2016-09-30 00:00:00,all,0.0024181198604621,0.00679819778192394,0.007073843003525082,220.0,Medical
401010,2016-09-30 00:00:00,all,0.010989304246048588,0.017702543181751542,0.018989861862562792,250.0,Auto
101020,2016-09-30 00:00:00,all,0.010080594454213963,0.017395085826739716,0.01732063631053377,380.0,Tech Equip.
999999,2016-09-30 00:00:00,all,0.006602757630991581,0.013371963298505266,0.013850328643501447,2800.0,
651010,2014-06-30 00:00:00,all,0.007575801481000372,0.014024197190557197,0.014369118669071168,210.0,Electricity
502050,2014-06-30 00:00:00,all,0.005567392455231155,0.009757754899212233,0.00962702794354665,220.0,Ind. Services
302020,2014-06-30 00:00:00,all,0.012337630655442753,0.01492858536223102,0.015891652793476922,330.0,Finance Services
201030,2014-06-30 00:00:00,all,0.004370910675892714,0.011671227801325247,0.01215274538508978,390.0,Pharma-Biotech
552010,2014-06-30 00:00:00,all,0.013859126758742818,0.02378754904471518,0.025017085257304457,280.0,Chem
351020,2014-06-30 00:00:00,all,0.008577707826581599,0.017216717952964,0.01597933654047655,260.0,REIT
502060,2014-06-30 00:00:00,all,0.0035887670075778256,0.010881253821016634,0.011247056179423568,310.0,Ind. Transport
502030,2014-06-30 00:00:00,all,0.00629265180041892,0.02679408348235077,0.026665856191860893,190.0,Industrials
301010,2014-06-30 00:00:00,all,0.00835440772931844,0.012560004149922765,0.01161734579231538,550.0,Banks
601010,2014-06-30 00:00:00,all,0.012011040136455606,0.051884440844010116,0.051566477061736546,210.0,Energy
101010,2014-06-30 00:00:00,all,0.00405485723063773,0.01186129157712293,0.01175417322920081,260.0,Software and Comp Serv
501010,2014-06-30 00:00:00,all,0.01253283589942315,0.020400830136990768,0.02019448696805762,290.0,Construction
401010,2014-06-30 00:00:00,all,0.007982150421593762,0.01983084537147308,0.021145723221696642,240.0,Auto
101020,2014-06-30 00:00:00,all,0.009056861732742809,0.018712508878084493,0.01913351871711888,380.0,Tech Equip.
999999,2014-06-30 00:00:00,all,0.009127450765879487,0.014262232460594576,0.014711913300388183,2690.0,
651010,2015-06-30 00:00:00,all,0.00303429754137813,0.010689982033542579,0.010835565227730506,210.0,Electricity
502050,2015-06-30 00:00:00,all,0.003314633829332243,0.0088663174683603,0.009458396867315633,230.0,Ind. Services
302020,2015-06-30 00:00:00,all,0.006514400334477428,0.01269311637653785,0.012962930512235595,340.0,Finance Services
201030,2015-06-30 00:00:00,all,0.004942240304042298,0.008145609256829112,0.008388383241352956,390.0,Pharma-Biotech
552010,2015-06-30 00:00:00,all,0.011621503021841336,0.02087682147222902,0.021314407168979328,290.0,Chem
351020,2015-06-30 00:00:00,all,0.009910565759545164,0.01150269472961801,0.012160879948238964,260.0,REIT
502060,2015-06-30 00:00:00,all,0.00822197920779578,0.00840493148209319,0.00886634610193457,300.0,Ind. Transport
502030,2015-06-30 00:00:00,all,0.006935706080478063,0.011812210130888543,0.012271078917537074,190.0,Industrials
301010,2015-06-30 00:00:00,all,0.006650499952220947,0.00801136897173627,0.00979498233280222,610.0,Banks
601010,2015-06-30 00:00:00,all,0.010899268468384212,0.02578337025064866,0.026391995281912568,210.0,Energy
101010,2015-06-30 00:00:00,all,0.006312055333456538,0.007149861509650172,0.007029830655643865,260.0,Software and Comp Serv
501010,2015-06-30 00:00:00,all,0.012173353899093986,0.015980282200408973,0.016148309438376737,290.0,Construction
201020,2015-06-30 00:00:00,all,0.00253873388739303,0.006327131962925568,0.006652274117494365,210.0,Medical
401010,2015-06-30 00:00:00,all,0.012366224716909624,0.021862900221580297,0.0222011341025001,250.0,Auto
101020,2015-06-30 00:00:00,all,0.007352498795716884,0.012488928240066305,0.012979093964217014,400.0,Tech Equip.
999999,2015-06-30 00:00:00,all,0.008523764152375669,0.013552785623302728,0.0139924268781919,2790.0,
651010,2016-03-31 00:00:00,all,0.0070953134074156245,0.01554670329820856,0.015324247429201679,240.0,Electricity
502050,2016-03-31 00:00:00,all,0.006376668062917228,0.010500271220509337,0.010652813569824093,250.0,Ind. Services
302020,2016-03-31 00:00:00,all,0.009832668271313466,0.013264193731358578,0.014008597550474795,340.0,Finance Services
201030,2016-03-31 00:00:00,all,0.004539097719389806,0.006935066758682627,0.007138309915741247,400.0,Pharma-Biotech
552010,2016-03-31 00:00:00,all,0.009539495502568046,0.02648903672982262,0.027541289984534072,320.0,Chem
351020,2016-03-31 00:00:00,all,0.006846755657521918,0.009833613383922905,0.011927193531283591,270.0,REIT
502060,2016-03-31 00:00:00,all,0.006285519331322116,0.011738981058032984,0.012378168868304815,300.0,Ind. Transport
502030,2016-03-31 00:00:00,all,0.008513746248729795,0.013736575879190758,0.013411638981854943,190.0,Industrials
301010,2016-03-31 00:00:00,all,0.006004721173547726,0.010018688303667032,0.009981857993861776,610.0,Banks
601010,2016-03-31 00:00:00,all,0.010210057303626644,0.027424757800110326,0.02711507085261803,220.0,Energy
101010,2016-03-31 00:00:00,all,0.004743451815933174,0.008831550444157888,0.009318026071975068,240.0,Software and Comp Serv
501010,2016-03-31 00:00:00,all,0.011085299182072626,0.015004696465728244,0.015086521295771718,300.0,Construction
201020,2016-03-31 00:00:00,all,0.002361997273484395,0.007983534914012514,0.008235088437057024,220.0,Medical
401010,2016-03-31 00:00:00,all,0.015120702105648259,0.021816990661305824,0.02244094658394349,240.0,Auto
101020,2016-03-31 00:00:00,all,0.01413752812299939,0.019797786274995257,0.020382654583983643,410.0,Tech Equip.
999999,2016-03-31 00:00:00,all,0.008821232480718486,0.013523060679197512,0.014706717959718016,2820.0,
651010,2013-03-31 00:00:00,all,0.0020934696319632393,0.01508623512723767,0.015867407691650827,220.0,Electricity
502050,2013-03-31 00:00:00,all,0.00382053421442361,0.00933645057561606,0.00993759893861764,250.0,Ind. Services
302020,2013-03-31 00:00:00,all,0.009498384428685511,0.01251747868048926,0.012731536751420146,320.0,Finance Services
201030,2013-03-31 00:00:00,all,0.004815203820764975,0.011123464706787997,0.011059945729832137,370.0,Pharma-Biotech
552010,2013-03-31 00:00:00,all,0.011391139834358209,0.023377845731086512,0.024212367638877047,250.0,Chem
351020,2013-03-31 00:00:00,all,0.00451715316685875,0.009535826314570187,0.010475303081215423,270.0,REIT
502060,2013-03-31 00:00:00,all,0.004085925377409729,0.010062036195248755,0.010239038929710861,310.0,Ind. Transport
502030,2013-03-31 00:00:00,all,0.012579844477394513,0.02136592449001069,0.020380795666726764,190.0,Industrials
301010,2013-03-31 00:00:00,all,0.010390262931182882,0.011346818600543075,0.0108495590444361,832.0,Banks
601010,2013-03-31 00:00:00,all,0.008847673174372387,0.020790696170213414,0.02536223140401179,340.0,Energy
101010,2013-03-31 00:00:00,all,0.007439877856908658,0.012553639448751779,0.011941757061281836,260.0,Software and Comp Serv
501010,2013-03-31 00:00:00,all,0.012133444526340657,0.01996737166175894,0.020326489178933253,260.0,Construction
201020,2013-03-31 00:00:00,all,0.004778406865244568,0.009898081859221716,0.011057076214906703,180.0,Medical
401010,2013-03-31 00:00:00,all,0.006284520029738941,0.03145616960163491,0.03263680537733164,240.0,Auto
101020,2013-03-31 00:00:00,all,0.009950574673559118,0.014726638563013972,0.01746764251599114,300.0,Tech Equip.
999999,2013-03-31 00:00:00,all,0.009437341778480933,0.014840426265784988,0.015144850539971172,2640.0,
651010,2016-12-31 00:00:00,all,0.006741088867123118,0.018310041962972378,0.018369524989987705,220.0,Electricity
502050,2016-12-31 00:00:00,all,0.00567883203651035,0.011759290057765267,0.013208957213121894,270.0,Ind. Services
302020,2016-12-31 00:00:00,all,0.007090280510254627,0.014291070824728946,0.014613711475815631,370.0,Finance Services
201030,2016-12-31 00:00:00,all,0.003283416987533342,0.01023296581477656,0.010632614773695648,380.0,Pharma-Biotech
552010,2016-12-31 00:00:00,all,0.013630072540492907,0.027284068877831014,0.029160429255817532,320.0,Chem
351020,2016-12-31 00:00:00,all,0.0070462010072965126,0.013458767154317902,0.013282584287579814,280.0,REIT
502060,2016-12-31 00:00:00,all,0.004669039121350043,0.013435380801061398,0.014312769561938181,280.0,Ind. Transport
502030,2016-12-31 00:00:00,all,0.010305967901436825,0.020506159827212923,0.022363974188029562,180.0,Industrials
301010,2016-12-31 00:00:00,all,0.003862978461795244,0.009793669033633299,0.009969192657039135,640.0,Banks
601010,2016-12-31 00:00:00,all,0.011861466509614123,0.027225320443620343,0.027558959849892276,220.0,Energy
101010,2016-12-31 00:00:00,all,0.005493116178466028,0.011094837293312239,0.010964891719957407,250.0,Software and Comp Serv
501010,2016-12-31 00:00:00,all,0.00622304185370419,0.012754289633971983,0.012624098916185128,300.0,Construction
401010,2016-12-31 00:00:00,all,0.009911216427347597,0.031398169773533754,0.03138885312678304,250.0,Auto
101020,2016-12-31 00:00:00,all,0.009507445686347865,0.016667442281873966,0.017762175285660663,400.0,Tech Equip.
999999,2016-12-31 00:00:00,all,0.007253983446854617,0.017832387687892342,0.018541282910405753,2930.0,
502050,2015-03-31 00:00:00,all,0.004267564403496677,0.00948285844121625,0.00964517630950078,260.0,Ind. Services
302020,2015-03-31 00:00:00,all,0.009088862837379278,0.011377939111420399,0.012311515164861522,350.0,Finance Services
201030,2015-03-31 00:00:00,all,0.004948413073685908,0.008954869022861708,0.009489474039251447,370.0,Pharma-Biotech
552010,2015-03-31 00:00:00,all,0.010165530321385917,0.01697960529379714,0.017101219040632918,270.0,Chem
351020,2015-03-31 00:00:00,all,0.01254471087624581,0.01398105535195183,0.013884587701637181,250.0,REIT
502060,2015-03-31 00:00:00,all,0.006184966435913922,0.008751707082929593,0.008888886779269365,300.0,Ind. Transport
502030,2015-03-31 00:00:00,all,0.010359227729650991,0.009637462524527414,0.009246970705353418,190.0,Industrials
301010,2015-03-31 00:00:00,all,0.007891005643198572,0.00798232944941199,0.009233416195734496,620.0,Banks
601010,2015-03-31 00:00:00,all,0.01722737357678076,0.022299411793092975,0.02286684530958756,220.0,Energy
101010,2015-03-31 00:00:00,all,0.005482146456280448,0.009073539988370566,0.009683911991697141,270.0,Software and Comp Serv
501010,2015-03-31 00:00:00,all,0.013488960126363017,0.015326870928829743,0.01662808905232068,300.0,Construction
201020,2015-03-31 00:00:00,all,0.0021020667572346093,0.009205978924752117,0.00853550305120008,220.0,Medical
401010,2015-03-31 00:00:00,all,0.00844155281265787,0.019681581743604574,0.0203502718711452,250.0,Auto
101020,2015-03-31 00:00:00,all,0.007242922490383625,0.012054738856562027,0.012849094688800333,400.0,Tech Equip.
999999,2015-03-31 00:00:00,all,0.007300800543918548,0.011956328945356958,0.01199890680847959,2780.0,
651010,2017-06-30 00:00:00,all,0.004834149817633015,0.012739771212830918,0.013987852264946844,230.0,Electricity
502050,2017-06-30 00:00:00,all,0.006302112073769758,0.011583081420476102,0.011849726073427056,260.0,Ind. Services
302020,2017-06-30 00:00:00,all,0.006922630048787183,0.012030055005070085,0.012929941419898852,330.0,Finance Services
201030,2017-06-30 00:00:00,all,0.003927639375740356,0.013888674313750422,0.014202293689744828,390.0,Pharma-Biotech
552010,2017-06-30 00:00:00,all,0.011663894871273263,0.024844436653394614,0.026906315104284657,350.0,Chem
351020,2017-06-30 00:00:00,all,0.0068405731121673995,0.010564560890830047,0.012371152270559854,300.0,REIT
502060,2017-06-30 00:00:00,all,0.003914377380736563,0.015333496407781496,0.01644964738253954,290.0,Ind. Transport
502030,2017-06-30 00:00:00,all,0.009163913046030108,0.018419556491678087,0.01918830630828569,220.0,Industrials
301010,2017-06-30 00:00:00,all,0.004535985415697893,0.010045045322467772,0.008929200573180968,660.0,Banks
601010,2017-06-30 00:00:00,all,0.012844256693938218,0.019120649751890602,0.02259178992313873,280.0,Energy
101010,2017-06-30 00:00:00,all,0.005301918942359574,0.011456889917578109,0.01237789384359521,270.0,Software and Comp Serv
501010,2017-06-30 00:00:00,all,0.0074505080787543795,0.011513359834737103,0.012544878174133179,300.0,Construction
201020,2017-06-30 00:00:00,all,0.00122949563452648,0.010962179517573483,0.010846672829551597,220.0,Medical
401010,2017-06-30 00:00:00,all,0.01303568578757478,0.026959562123470615,0.028704275162148553,260.0,Auto
101020,2017-06-30 00:00:00,all,0.005172533184441402,0.016910511256513445,0.017520233828270313,410.0,Tech Equip.
999999,2017-06-30 00:00:00,all,0.005985404079593302,0.017121883150959995,0.01772910444906951,2910.0,
651010,2013-06-30 00:00:00,all,0.004828587639076793,0.010131751203203502,0.011437920171758957,200.0,Electricity
502050,2013-06-30 00:00:00,all,0.003465053483453007,0.008449991013134693,0.008864156576341991,250.0,Ind. Services
302020,2013-06-30 00:00:00,all,0.0046616261424726035,0.009318137590478738,0.010823184274493759,290.0,Finance Services
201030,2013-06-30 00:00:00,all,0.0032051571848869054,0.01195903001910278,0.011843476781521747,380.0,Pharma-Biotech
552010,2013-06-30 00:00:00,all,0.013636326521777516,0.024684448717598624,0.024268058354461334,270.0,Chem
351020,2013-06-30 00:00:00,all,0.006325357190602424,0.013768970370608466,0.014346991481475118,260.0,REIT
502060,2013-06-30 00:00:00,all,0.004072907221702274,0.009587022188521086,0.009815419237663447,300.0,Ind. Transport
502030,2013-06-30 00:00:00,all,0.008163772105170022,0.019269883114099433,0.018543982157684675,180.0,Industrials
301010,2013-06-30 00:00:00,all,0.004825226261278876,0.018728936215529488,0.017268631604155912,550.0,Banks
601010,2013-06-30 00:00:00,all,0.010546389358303132,0.018530005830200588,0.020757013883241752,310.0,Energy
101010,2013-06-30 00:00:00,all,0.004732235778597382,0.013763785018250234,0.01331463875524231,250.0,Software and Comp Serv
501010,2013-06-30 00:00:00,all,0.006193089309305899,0.01691041792598167,0.018321875352171408,270.0,Construction
201020,2013-06-30 00:00:00,all,0.0058846164539790545,0.011930164581534309,0.012087037170484982,200.0,Medical
401010,2013-06-30 00:00:00,all,0.006825350785007941,0.028229562707162634,0.030012079301567643,250.0,Auto
101020,2013-06-30 00:00:00,all,0.007922784059416063,0.019251019187632046,0.019360767389750587,290.0,Tech Equip.
999999,2013-06-30 00:00:00,all,0.008274852562693145,0.015671230279553004,0.016089292891992624,2620.0,
651010,2018-03-31 00:00:00,all,0.008767123858060702,0.012621436047990249,0.013209644048204834,230.0,Electricity
502050,2018-03-31 00:00:00,all,0.0053811038748007205,0.015311340266065667,0.01487816183045355,270.0,Ind. Services
302020,2018-03-31 00:00:00,all,0.008068753496073354,0.018728143082798188,0.019585444657784324,290.0,Finance Services
201030,2018-03-31 00:00:00,all,0.0029792843252122118,0.015212392219553708,0.016425991095248425,390.0,Pharma-Biotech
552010,2018-03-31 00:00:00,all,0.0077917738334103955,0.024197254987638812,0.024101288512070673,330.0,Chem
351020,2018-03-31 00:00:00,all,0.004748826660132907,0.010941975044267593,0.010843112081649174,280.0,REIT
502060,2018-03-31 00:00:00,all,0.005231455867709194,0.016507439183262005,0.016567803727273997,290.0,Ind. Transport
502030,2018-03-31 00:00:00,all,0.0053741464245585565,0.025833199547966552,0.02655632278885709,190.0,Industrials
301010,2018-03-31 00:00:00,all,0.007235469041531442,0.009897010430967091,0.009402836900063119,670.0,Banks
601010,2018-03-31 00:00:00,all,0.007936923277449156,0.01692963010414917,0.017154932359820046,320.0,Energy
101010,2018-03-31 00:00:00,all,0.002758628413205753,0.013561196059806825,0.013701092853748665,270.0,Software and Comp Serv
501010,2018-03-31 00:00:00,all,0.00880941698508637,0.013396868094605514,0.013594233741749529,300.0,Construction
201020,2018-03-31 00:00:00,all,0.0021634433539817668,0.01048298040200995,0.011976328596792027,220.0,Medical
401010,2018-03-31 00:00:00,all,0.008863172471120053,0.02092290369212906,0.02160327741183409,240.0,Auto
101020,2018-03-31 00:00:00,all,0.007295865134073353,0.01721808588957572,0.01742504159725218,420.0,Tech Equip.
999999,2018-03-31 00:00:00,all,0.00645368076086673,0.01575987779533664,0.016250583616294865,2950.0,
301010,2018-12-31 00:00:00,all,0.012141194710282837,0.006729788884665358,0.004758827572705579,160.0,Banks
601010,2018-12-31 00:00:00,all,0.01911688595498868,0.004215077604015092,0.006533368226509883,40.0,Energy
999999,2018-12-31 00:00:00,all,0.010465677710482025,0.00496581305959646,0.005616697436221646,40.0,
502050,2015-12-31 00:00:00,all,0.005788274726510406,0.009059319096083549,0.009210572391948687,250.0,Ind. Services
302020,2015-12-31 00:00:00,all,0.013489802291812453,0.011602354856036065,0.0121212830835129,350.0,Finance Services
201030,2015-12-31 00:00:00,all,0.004737202271912251,0.007387667833853568,0.007929838701769146,390.0,Pharma-Biotech
552010,2015-12-31 00:00:00,all,0.008732943849375199,0.024149818184660044,0.02436650828299989,310.0,Chem
351020,2015-12-31 00:00:00,all,0.009055936091607037,0.012911765750246166,0.014379260391043406,260.0,REIT
502060,2015-12-31 00:00:00,all,0.010561846158358123,0.00888704067036529,0.009667938233329988,290.0,Ind. Transport
502030,2015-12-31 00:00:00,all,0.008204499143687325,0.014959787521699883,0.014632082362528817,170.0,Industrials
301010,2015-12-31 00:00:00,all,0.008782983142389063,0.007294619639764986,0.007391828516416546,610.0,Banks
601010,2015-12-31 00:00:00,all,0.030540962516802602,0.01977111223969349,0.018064087856126947,200.0,Energy
101010,2015-12-31 00:00:00,all,0.004565093209105445,0.009163517403912785,0.009507561507965232,250.0,Software and Comp Serv
501010,2015-12-31 00:00:00,all,0.009936538237477264,0.01740635006874212,0.01835136042643937,310.0,Construction
201020,2015-12-31 00:00:00,all,0.0028472754638139385,0.008387793692094386,0.008604847257876271,220.0,Medical
401010,2015-12-31 00:00:00,all,0.018840307049948865,0.02027086469989973,0.02081657056077024,240.0,Auto
101020,2015-12-31 00:00:00,all,0.015200880521116544,0.014601849966847678,0.015550091322737672,420.0,Tech Equip.
999999,2015-12-31 00:00:00,all,0.008534929921227513,0.013166380374711543,0.013721119847761294,2790.0,
651010,2013-09-30 00:00:00,all,0.005715828221902269,0.018016341510354875,0.017703427707712934,230.0,Electricity
502050,2013-09-30 00:00:00,all,0.005201647077594958,0.007761980465405998,0.0074130235940882035,250.0,Ind. Services
302020,2013-09-30 00:00:00,all,0.007159957739574105,0.010042260276911831,0.009810143752553003,320.0,Finance Services
201030,2013-09-30 00:00:00,all,0.004865630748584176,0.012141093714573843,0.01204157293178446,380.0,Pharma-Biotech
552010,2013-09-30 00:00:00,all,0.014906209614301853,0.02250185810487305,0.021633904388507954,270.0,Chem
351020,2013-09-30 00:00:00,all,0.008021165136030895,0.015304005909191105,0.016532062615294645,270.0,REIT
502060,2013-09-30 00:00:00,all,0.004906172086558269,0.010003533336885796,0.010352848457633958,310.0,Ind. Transport
502030,2013-09-30 00:00:00,all,0.004619974413399729,0.014885187857485447,0.015913110056626264,200.0,Industrials
301010,2013-09-30 00:00:00,all,0.013009535019481239,0.01094795213624328,0.011820672976965528,540.0,Banks
101010,2013-09-30 00:00:00,all,0.00594431668819602,0.01013048071015447,0.00973841073143155,250.0,Software and Comp Serv
501010,2013-09-30 00:00:00,all,0.01487284347902664,0.015026669296572821,0.015251382153838098,290.0,Construction
201020,2013-09-30 00:00:00,all,0.004253294294793072,0.010422909502474176,0.01060579433167159,210.0,Medical
401010,2013-09-30 00:00:00,all,0.010436898767061883,0.02966962363107461,0.03011229710520589,240.0,Auto
101020,2013-09-30 00:00:00,all,0.009058726024361943,0.015767880491834026,0.01729183401965492,340.0,Tech Equip.
999999,2013-09-30 00:00:00,all,0.009124113421413924,0.01497400256903324,0.015409517246699802,2620.0,
651010,2014-03-31 00:00:00,all,0.006655960358701333,0.01942481711031456,0.019157265434420947,220.0,Electricity
502050,2014-03-31 00:00:00,all,0.005733060615509435,0.00907565608951844,0.009561212384446596,240.0,Ind. Services
302020,2014-03-31 00:00:00,all,0.013458460601881427,0.016925059859535543,0.017679198750818952,340.0,Finance Services
201030,2014-03-31 00:00:00,all,0.005393710352770914,0.012293413107198316,0.012973543222243472,370.0,Pharma-Biotech
552010,2014-03-31 00:00:00,all,0.015989925279486398,0.017427818059338587,0.017600955159340473,290.0,Chem
351020,2014-03-31 00:00:00,all,0.011724615413888305,0.012709336723598027,0.013174972835545815,260.0,REIT
502060,2014-03-31 00:00:00,all,0.007451249679951354,0.011529333404760204,0.011068663481559453,320.0,Ind. Transport
502030,2014-03-31 00:00:00,all,0.005722312731169472,0.021536621764562815,0.020026175806062144,200.0,Industrials
301010,2014-03-31 00:00:00,all,0.006158704299700303,0.00905110144225388,0.009608287778212436,560.0,Banks
601010,2014-03-31 00:00:00,all,0.011454751807976499,0.03527362249028998,0.031070116007817172,250.0,Energy
101010,2014-03-31 00:00:00,all,0.005637227448368712,0.009572628475308048,0.009543317034760964,240.0,Software and Comp Serv
501010,2014-03-31 00:00:00,all,0.014064914827909421,0.01689374984185512,0.017534802383975066,280.0,Construction
401010,2014-03-31 00:00:00,all,0.009409748257503492,0.020804271087377372,0.020665556497133683,250.0,Auto
101020,2014-03-31 00:00:00,all,0.011769995131228443,0.0184163500611318,0.01866251735150479,350.0,Tech Equip.
999999,2014-03-31 00:00:00,all,0.009621843151006369,0.012936817640706916,0.013188199511080937,2710.0,
